variant,seed_count,accuracy_mean,accuracy_sem,precision_mean,precision_sem,recall_mean,recall_sem,f1_mean,f1_sem,n_pairs_mean,n_pairs_total
dbscan_no_constraints,5,0.9317008234784223,0.002224197395994709,0.9503507463726463,0.000539886698821454,0.9780988688000193,0.0023985362884425495,0.9640192312580277,0.0012079334540730654,1679704.0,8398520
dbscan_with_constraints,5,0.9439470287622104,0.0024943932071525648,0.9635797859580881,0.0004268176202308482,0.9770145661803212,0.0024918941191961488,0.9702453597377284,0.0013528854516883005,1679704.0,8398520
